{"cameraMode":{"drawMode":0,"name":"Shaded","section":"Shading Mode"},"sceneLighting":true,"audioPlay":false,"sceneViewState":{"m_AlwaysRefresh":false,"showFog":true,"showSkybox":false,"showFlares":true,"showImageEffects":true,"showParticleSystems":true,"showVisualEffectGraphs":true,"m_FxEnabled":true},"in2DMode":false,"pivot":{"x":-0.010891437530517578,"y":0.40077638626098635,"z":55.03181838989258},"rotation":{"x":-0.2484072744846344,"y":0.3654261827468872,"z":-0.10184711962938309,"w":-0.8912838101387024},"size":11.216439247131348,"orthographic":false}