{"cameraMode":{"drawMode":0,"name":"Shaded","section":"Shading Mode"},"sceneLighting":true,"audioPlay":false,"sceneViewState":{"m_AlwaysRefresh":false,"showFog":true,"showSkybox":false,"showFlares":true,"showImageEffects":true,"showParticleSystems":true,"showVisualEffectGraphs":true,"m_FxEnabled":true},"in2DMode":false,"pivot":{"x":0.7319619059562683,"y":-0.9085699915885925,"z":66.94500732421875},"rotation":{"x":-0.12577395141124726,"y":-0.05592401698231697,"z":0.007101359311491251,"w":-0.9904580116271973},"size":11.216439247131348,"orthographic":false}